Trddt,BQ100,Stkcd
2005-01-04,1.177103813120295,1
2005-01-05,1.4071364029330171,1
2005-01-06,0.7966006947980405,1
2005-01-10,2.112271265770636,1
2005-01-18,1.822912278008728,1
2005-01-19,1.114237411910001,1
2005-01-20,0.9220949552896386,1
2005-01-21,1.6004805878577195,1
2005-01-24,1.5662651710921254,1
2005-01-26,1.912334283140534,1
2005-01-27,0.6195527328063022,1
2005-01-31,1.5867932257817283,1
2005-02-01,2.2245584062546917,1
2005-02-02,0.8157681170991502,1
2005-02-03,0.786804731725019,1
2005-02-04,1.2860606006188635,1
2005-02-16,1.108040720547648,1
2005-02-18,1.407436014272881,1
2005-02-21,0.5638238899751189,1
2005-02-22,1.4476172802339369,1
2005-02-23,1.253875705977207,1
2005-02-24,1.7920097211312995,1
2005-02-28,0.82291681113191,1
2005-03-04,0.6151626460570498,1
2005-03-09,1.16638207053732,1
2005-03-14,0.62754181191903,1
2005-03-16,1.0849187395855524,1
2005-03-21,0.8331497098521725,1
2005-03-22,1.3790338580063422,1
2005-03-23,1.4937399842897163,1
2005-03-24,1.0911710512858537,1
2005-03-28,1.427485113533573,1
2005-03-30,1.397160546359577,1
2005-04-04,2.100744521933436,1
2005-04-05,1.4610884816217862,1
2005-04-06,1.8193996757378248,1
2005-04-08,4.5944526727454695,1
2005-04-11,2.8174593609951284,1
2005-04-12,2.121414175731735,1
2005-04-13,3.1139333107008857,1
2005-04-14,1.965827323994487,1
2005-04-15,3.26090255408643,1
2005-04-18,1.5858255789013544,1
2005-04-19,1.7517893660529331,1
2005-04-20,2.566473648667913,1
2005-04-25,3.503448883378129,1
2005-04-27,1.303600511929728,1
2005-04-28,1.5764773511445016,1
2005-04-29,2.683752462876527,1
2005-05-09,2.654619997903935,1
2005-05-10,1.1084792031416564,1
2005-05-11,1.4598117413128884,1
2005-05-12,1.4399782565718429,1
2005-05-13,2.475191760499538,1
2005-05-16,1.3279623390502222,1
2005-05-17,1.979498431834933,1
2005-05-18,2.019567699869261,1
2005-05-19,1.6169555463115968,1
2005-05-20,2.080867969347772,1
2005-05-23,0.8152897343646401,1
2005-05-24,1.5732280146634825,1
2005-05-25,0.9829377155821286,1
2005-05-26,0.9919073685106028,1
2005-05-27,1.664125631997685,1
2005-05-30,0.6962181861193195,1
2005-05-31,3.384592184505657,1
2005-06-01,0.5693537390245998,1
2005-06-02,1.813560622713891,1
2005-06-03,1.1511475647901364,1
2005-06-06,1.4355951207308912,1
2005-06-07,1.3918334971472328,1
2005-06-08,0.7004316437637139,1
2005-06-09,0.6838102574940119,1
2005-06-10,1.65640163924526,1
2005-06-13,1.0315521685221585,1
2005-06-15,1.7429148357782676,1
2005-06-16,0.8366957973739615,1
2005-06-20,0.7748312176760787,1
2005-06-21,1.6879276598818755,1
2005-06-22,1.8019057397880849,1
2005-06-23,2.1789890852511467,1
2005-06-24,0.8807477104141096,1
2005-06-27,0.9836074667664408,1
2005-06-28,1.3461190913223704,1
2005-06-29,1.1933299143108766,1
2005-06-30,1.1803341055044811,1
2005-07-01,0.9906885835522092,1
2005-07-05,0.6621324562631382,1
2005-07-07,0.981555961988768,1
2005-07-08,0.8029751165449681,1
2005-07-11,1.6944817030714283,1
2005-07-12,0.826175400320232,1
2005-07-13,0.9812687248291808,1
2005-07-14,1.811869842836155,1
2005-07-15,1.374219047796572,1
2005-07-18,1.287379212041647,1
2005-07-19,1.9223039141027831,1
2005-07-20,1.191974592580434,1
2005-07-21,1.213990471606994,1
2005-07-22,0.5575585217201603,1
2005-07-25,0.9344924603364732,1
2005-07-26,0.6020633780900514,1
2005-07-27,1.6203163535954177,1
2005-07-28,1.2163735184586808,1
2005-07-29,1.1014189668650998,1
2005-08-01,1.8521579872970024,1
2005-08-03,2.0117627643015807,1
2005-08-05,0.4512176813349072,1
2005-08-10,2.137346976210608,1
2005-08-11,0.8405562251210994,1
2005-08-16,0.786180047823732,1
2005-08-17,1.8240815114811637,1
2005-08-18,1.3180363045818373,1
2005-08-22,1.189278217464215,1
2005-08-23,1.2508994898831964,1
2005-08-26,0.9959386424330292,1
2005-08-29,0.300032864599875,1
2005-08-30,1.7081429656639049,1
2005-08-31,1.5918992187003385,1
2005-09-01,0.8508855777391268,1
2005-09-02,1.0566481729361743,1
2005-09-05,2.1018810992543058,1
2005-09-07,0.5796922786438566,1
2005-09-09,1.4116812005176642,1
2005-09-13,0.5084249309880232,1
2005-09-14,0.9713115993374052,1
2005-09-19,1.5635607352083547,1
2005-09-20,0.7881899114105364,1
2005-09-21,0.973130001312901,1
2005-09-27,0.9309135938030092,1
2005-11-01,1.178546527761947,1
2005-11-02,1.4802157088515728,1
2005-11-03,0.8256289209402357,1
2005-11-04,0.6243648417111447,1
2005-11-09,2.158469120299911,1
2005-11-14,1.5475494254358757,1
2005-11-16,1.4357523798282017,1
2005-11-18,0.7176876637745742,1
2005-11-21,1.1944076204245395,1
2005-11-22,0.3499360868055443,1
2005-11-24,1.6139596270075,1
2005-11-25,2.4632777883866304,1
2005-11-28,1.2695852639188971,1
2005-11-30,1.1270017793014555,1
2005-12-02,1.5195776370874945,1
2005-12-06,2.362995510271592,1
2005-12-09,2.006654601296947,1
2005-12-23,2.1450158994882624,1
2005-12-26,1.5969733295514423,1
2005-01-05,3.824936532913103,10
2005-01-06,2.929391583546387,10
2005-01-07,4.835287903637871,10
2005-01-10,1.934524954699194,10
2005-01-11,2.7899495136911,10
2005-01-13,5.230901269661294,10
2005-01-14,2.821603632661948,10
2005-01-17,3.0205605326248484,10
2005-01-18,4.662912982863466,10
2005-01-19,1.8815732484695888,10
2005-01-20,2.425953855588655,10
2005-01-21,2.168001558871559,10
2005-01-24,1.931022275870053,10
2005-01-25,3.037146013910435,10
2005-01-26,1.9350551875131263,10
2005-01-27,1.695274922421443,10
2005-01-28,1.704763473298132,10
2005-02-01,4.22138895328662,10
2005-02-02,1.020373675748702,10
2005-02-16,1.2453520274795256,10
2005-02-28,1.581950459140247,10
2005-03-02,1.064720396893442,10
2005-03-04,1.7839360988188515,10
2005-03-07,3.750614567877157,10
2005-03-08,1.990968703219367,10
2005-03-09,1.3512622148301914,10
2005-03-14,1.124685341185241,10
2005-03-17,0.9947797664895556,10
2005-03-21,1.3962328769117551,10
2005-03-23,2.45665325103415,10
2005-03-28,2.6925579252373675,10
2005-03-30,1.9444200646452137,10
2005-03-31,1.838683057417336,10
2005-04-04,2.5603402780494857,10
2005-04-05,2.4639391453317527,10
2005-04-06,3.263021717539872,10
2005-04-07,1.3887714282860408,10
2005-04-08,2.5240358150572098,10
2005-04-11,1.042063419531491,10
2005-04-13,1.1696996048888748,10
2005-04-14,2.323901250216362,10
2005-04-15,1.5437612073871314,10
2005-04-19,3.800210851691717,10
2005-04-20,1.5832005579791306,10
2005-04-21,3.106718611200104,10
2005-04-22,1.8403142552444989,10
2005-04-25,1.901508240417649,10
2005-04-28,0.8741735999779494,10
2005-04-29,1.2431291130075774,10
2005-05-09,2.2394650773148808,10
2005-05-10,0.9828552499637452,10
2005-05-11,2.396269704438676,10
2005-05-16,2.6829525976014192,10
2005-05-17,1.1273173897485074,10
2005-05-18,3.1474770721604024,10
2005-05-19,2.346074865972434,10
2005-06-03,1.773566626610272,10
2005-06-06,1.4241155901995943,10
2005-06-07,1.831792168486816,10
2005-06-08,0.6475425680241313,10
2005-06-09,0.9211050352579528,10
2005-06-10,1.3763373457795038,10
2005-06-13,0.5938439141639437,10
2005-06-15,0.8580158630143093,10
2005-06-16,0.630616788243864,10
2005-06-17,2.002206785260774,10
2005-06-20,1.0348239655934093,10
2005-06-21,1.3039406030403922,10
2005-06-23,2.94593741905818,10
2005-07-01,2.37914055855357,10
2005-07-04,2.788859123716774,10
2005-07-05,1.2214342246750431,10
2005-07-08,1.9358812164575896,10
2005-07-13,1.5191764971527535,10
2005-07-15,1.1807961593039018,10
2005-07-19,6.901701763051203,10
2005-07-20,3.4294574650050444,10
2005-07-25,3.219056687668243,10
2005-07-26,0.8239412113807043,10
2005-07-28,0.989716003871422,10
2005-08-03,1.4743557018910958,10
2005-08-05,2.488790037724612,10
2005-08-08,2.0048205475829186,10
2005-08-10,2.988501683187698,10
2005-08-11,1.1122552243959116,10
2005-08-16,0.8526421449536712,10
2005-08-17,2.696883639382494,10
2005-08-18,4.092152989172104,10
2005-08-19,3.300783459576396,10
2005-08-22,1.9336284576068643,10
2005-08-24,2.553759928849117,10
2005-08-25,2.282591842899897,10
2005-08-26,2.8412892827345373,10
2005-08-29,1.3893426825313804,10
2005-08-30,2.0122916771128896,10
2005-08-31,2.290280687906597,10
2005-09-01,2.3598486740672677,10
2005-09-02,2.6319483408334823,10
2005-09-05,3.442349662654287,10
2005-09-06,3.98494425201355,10
2005-09-07,1.437608044060942,10
2005-09-12,1.8421571200729856,10
2005-09-13,2.7410340986696657,10
2005-09-14,2.5911213805331283,10
2005-09-23,2.847262187590672,10
2005-09-28,5.158173722098286,10
2005-09-29,4.040538489508101,10
2005-10-21,3.077356755232516,10
2005-10-26,1.0376221486108788,10
2005-10-27,1.1193268285638054,10
2005-11-01,3.888034507096765,10
2005-11-02,5.306227402498802,10
2005-11-03,1.714790412274722,10
2005-11-10,1.345725033258964,10
2005-12-16,2.84839525664279,10
2005-12-19,1.6821374887973266,10
2005-01-05,0.3625962272443976,2
2005-01-06,0.4449639339959719,2
2005-01-07,2.340549807121264,2
2005-01-10,0.891228650612563,2
2005-01-13,1.8058606099347456,2
2005-01-20,0.9381343228832144,2
2005-01-21,0.4456914411483587,2
2005-01-24,1.1829126848265914,2
2005-01-25,2.1173476751203992,2
2005-01-26,1.8050887485104807,2
2005-01-28,0.9352150834296352,2
2005-01-31,1.210986536445056,2
2005-02-02,0.9092949968980992,2
2005-02-03,0.6333178976104649,2
2005-02-04,0.9064552364008014,2
2005-02-16,0.9976974337817898,2
2005-02-18,1.2614835448935326,2
2005-02-21,0.6312330360773434,2
2005-02-22,0.560971196337071,2
2005-02-23,0.6465335234698839,2
2005-02-24,1.9031807977976505,2
2005-02-28,1.7635978959010534,2
2005-03-02,0.7236522413866961,2
2005-03-08,0.8845032267371702,2
2005-03-09,0.8259359885792797,2
2005-03-10,0.9451092249017532,2
2005-03-11,0.982408944245492,2
2005-03-14,0.8379383390354225,2
2005-03-15,0.4498598385764062,2
2005-03-17,1.7707932839410518,2
2005-03-18,1.1706662381006017,2
2005-03-21,0.9444951650015868,2
2005-03-23,1.012508927709239,2
2005-03-24,1.0606713642013523,2
2005-03-25,1.6763102302891697,2
2005-03-28,0.4908418060316248,2
2005-03-30,0.612145335151731,2
2005-03-31,0.9163189313920796,2
2005-04-04,1.6797335745927005,2
2005-04-07,0.8564011613435965,2
2005-04-08,1.195581297604471,2
2005-04-12,1.2310708709645712,2
2005-04-13,2.035895423200963,2
2005-04-14,1.073612778746457,2
2005-04-15,0.4975169372448894,2
2005-04-19,0.7581458836191495,2
2005-04-20,2.046455671626292,2
2005-04-21,1.08875950390124,2
2005-04-28,0.1518517535253004,2
2005-05-10,0.632713480851869,2
2005-05-11,1.9324985520925595,2
2005-05-12,1.3407799454178584,2
2005-05-13,4.013489469763703,2
2005-05-16,0.8132121779869012,2
2005-05-17,1.122398517281266,2
2005-05-18,1.4432746076686014,2
2005-05-19,1.8399155197194244,2
2005-05-20,1.5006707654365714,2
2005-05-24,0.7105467167829016,2
2005-05-27,2.871237207405204,2
2005-05-30,0.9166495697814668,2
2005-05-31,2.459885599348992,2
2005-06-02,0.5662012520219171,2
2005-06-03,1.1107863790875214,2
2005-06-07,1.595203768569306,2
2005-06-08,1.1052605439329053,2
2005-06-09,0.4357288193180481,2
2005-06-10,0.7060588805305169,2
2005-06-20,1.0969063595990658,2
2005-07-11,2.7459358887035643,2
2005-07-22,0.8027250301948926,2
2005-07-25,3.180150007710961,2
2005-07-26,1.3683118194044086,2
2005-07-27,1.5763775213465578,2
2005-07-28,1.8104195403974628,2
2005-08-02,1.821875020450348,2
2005-08-09,1.8361393335093588,2
2005-08-10,1.6026477822133156,2
2005-08-22,1.3916434993171174,2
2005-08-23,0.8373599717021109,2
2005-09-01,0.804942854407434,2
2005-09-06,2.022364459627088,2
2005-12-02,3.489166062979619,2
2005-12-09,1.633083948633245,2
2005-12-13,2.07773979804983,2
2005-12-14,1.810468453267936,2
2005-12-15,1.3258495518535167,2
2005-12-16,1.8726935747667688,2
2005-12-26,2.84724602065244,2
2005-01-04,3.637242006094631,4
2005-01-05,2.822948364586705,4
2005-01-06,1.8520260604772505,4
2005-01-07,3.385406943615097,4
2005-01-10,2.7779036540330138,4
2005-01-11,1.0754672658298965,4
2005-01-12,2.184819726592918,4
2005-01-13,5.567609135393294,4
2005-01-17,2.307887024603351,4
2005-01-18,2.457178442850168,4
2005-01-19,1.4910422417893214,4
2005-01-20,1.904732766320028,4
2005-01-21,0.9690191464173028,4
2005-01-24,1.9942864762062489,4
2005-01-25,1.0869695575848457,4
2005-01-27,1.5521289181153797,4
2005-01-28,1.8068011160431616,4
2005-01-31,2.113381657314095,4
2005-02-01,2.36982103078139,4
2005-02-02,0.9873656279201806,4
2005-02-03,0.7372855267245575,4
2005-02-04,1.876046532895292,4
2005-02-16,2.169591247132969,4
2005-02-22,1.7788010553907758,4
2005-02-23,1.9353010920115905,4
2005-02-24,2.797525943268938,4
2005-02-28,1.964844063255486,4
2005-03-03,1.182566347477238,4
2005-03-04,3.579962707993509,4
2005-03-10,0.9764284464595896,4
2005-03-11,1.9991865416550705,4
2005-03-17,1.5466863384942495,4
2005-03-22,3.424427093015132,4
2005-03-23,1.5259321115358824,4
2005-03-28,2.906581567016715,4
2005-03-30,0.8607671327332233,4
2005-03-31,1.9270110090493076,4
2005-04-04,2.062779547148685,4
2005-04-07,1.702577571135892,4
2005-04-08,0.8453895993369571,4
2005-04-11,1.1923118991878805,4
2005-04-12,2.17501398637325,4
2005-04-13,1.5742624548111266,4
2005-04-15,2.4952841504019903,4
2005-04-18,4.997984165010792,4
2005-04-20,2.5965323356587025,4
2005-04-21,2.191052873620272,4
2005-04-22,0.6953141551637374,4
2005-04-25,2.4890654203863942,4
2005-04-28,0.967757400578084,4
2005-04-29,1.1398818061461573,4
2005-05-09,1.7020854008756716,4
2005-05-10,2.4901394665087078,4
2005-05-11,3.1830051574870764,4
2005-05-12,2.074834012658489,4
2005-05-13,2.305995469698814,4
2005-05-16,2.3263650057629306,4
2005-05-17,1.9550070543301727,4
2005-05-18,2.3726227507303217,4
2005-05-19,1.6424176328668203,4
2005-05-23,4.246407074020342,4
2005-05-24,1.7710801437641948,4
2005-05-25,2.494792433540358,4
2005-05-26,1.8988731418107323,4
2005-06-07,1.8198754023532295,4
2005-06-08,0.5700453945080859,4
2005-06-09,0.9357981360626192,4
2005-06-10,1.2437697606453944,4
2005-06-13,0.8814226712426143,4
2005-06-15,1.8517513044762224,4
2005-06-16,1.0676255311532217,4
2005-06-17,2.1039701367675487,4
2005-06-20,1.1477569665132312,4
2005-06-21,2.6466660485246734,4
2005-06-22,1.2566129594165671,4
2005-06-24,3.5139148807234526,4
2005-06-27,1.5092382325378213,4
2005-06-28,2.517609816986429,4
2005-06-30,1.0316552316850327,4
2005-07-01,4.52584161369583,4
2005-07-13,1.8195718288896636,4
2005-07-18,1.4704252217368248,4
2005-07-27,1.0648018825077266,4
2005-07-28,1.920483183470362,4
2005-07-29,3.418775851434182,4
2005-08-03,2.4805343498461125,4
2005-08-05,1.956938802464884,4
2005-08-09,2.372254564681368,4
2005-08-11,1.108106919768481,4
2005-08-16,1.5137789544703593,4
2005-08-17,2.7607118658922696,4
2005-08-18,3.791077230093302,4
2005-08-19,3.5637907518198797,4
2005-08-22,2.287100206180213,4
2005-08-23,1.8622954244658327,4
2005-08-24,2.636939142368776,4
2005-08-25,3.367300038566751,4
2005-08-26,2.241880936413481,4
2005-08-29,1.0692990042837391,4
2005-08-30,1.1584972512265863,4
2005-08-31,3.00250861587846,4
2005-09-01,1.1078609898537644,4
2005-09-02,1.369734638334508,4
2005-09-05,2.724488612017031,4
2005-09-06,1.9978029434915137,4
2005-09-07,1.5757129090074264,4
2005-09-09,1.2897816423919932,4
2005-09-12,1.2347186704409474,4
2005-09-14,2.550106887842392,4
2005-09-15,1.917060991121928,4
2005-09-16,1.0926081004376331,4
2005-09-19,2.6731399318976234,4
2005-09-20,0.6849415103092524,4
2005-09-21,1.288453901704765,4
2005-09-22,0.6066632699863418,4
2005-09-23,1.030475353250828,4
2005-09-26,1.3603697014103902,4
2005-09-27,0.7474761304276172,4
2005-09-29,1.1834174457702684,4
2005-09-30,1.977852398959672,4
2005-10-10,1.35527273344363,4
2005-10-11,2.4626955053192368,4
2005-10-12,2.1948264819047427,4
2005-10-13,0.8425840853245106,4
2005-10-14,1.2573611500216628,4
2005-10-19,1.1887863216033536,4
2005-10-21,2.5309856852494947,4
2005-10-24,3.673200740151621,4
2005-10-25,1.5771625261177566,4
2005-10-26,0.590963184133739,4
2005-10-27,0.4867520480752429,4
2005-10-28,1.598702849083212,4
2005-10-31,1.814858732957756,4
2005-11-01,2.6709100721042804,4
2005-11-02,1.827463406465684,4
2005-11-03,0.7230432272732745,4
2005-11-04,1.3282320587667291,4
2005-11-09,1.91876746453662,4
2005-11-10,0.6559818811728855,4
2005-11-15,1.426227491376041,4
2005-11-16,2.714537742378831,4
2005-11-17,2.97000764411553,4
2005-11-18,0.4901255713987741,4
2005-11-22,1.6693842523885496,4
2005-11-23,1.681728783104211,4
2005-11-25,1.7156275541958284,4
2005-11-28,1.733642391083421,4
2005-11-30,1.9699829778439144,4
2005-12-01,1.4715674906894471,4
2005-12-05,2.789574439591708,4
2005-12-06,1.0286544967439506,4
2005-12-08,1.5711601498341223,4
2005-12-19,2.1598098996934807,4
2005-12-20,3.151206958024368,4
2005-12-21,1.0390275899645196,4
2005-01-10,1.8540235169180437,6
2005-01-11,3.5368884827439238,6
2005-01-12,3.645688099224858,6
2005-01-13,3.9720904124083822,6
2005-01-14,2.111127096797847,6
2005-01-17,1.6135150408650727,6
2005-01-18,3.1553051999955937,6
2005-01-19,2.417362729687889,6
2005-01-20,1.752860877714203,6
2005-01-21,2.7443162022076497,6
2005-01-24,2.2130638087705385,6
2005-01-25,1.6921597046211612,6
2005-01-26,1.490757079329979,6
2005-01-27,1.6179402636167275,6
2005-01-28,2.07210927955902,6
2005-01-31,2.226578394686677,6
2005-02-01,8.156422447197174,6
2005-02-02,0.8344992745048271,6
2005-02-03,2.288203209342327,6
2005-02-04,0.8512164917561246,6
2005-02-16,1.6743550057130832,6
2005-02-18,1.4536257463521909,6
2005-02-22,1.1133741554350551,6
2005-02-23,1.159925007427656,6
2005-02-24,0.8113205556063717,6
2005-03-01,0.8286599808836912,6
2005-03-02,0.8619909296301607,6
2005-03-03,1.042160090568104,6
2005-03-04,3.5118881440920084,6
2005-03-08,1.6384332037206883,6
2005-03-09,1.014247085093213,6
2005-03-10,1.7917893545573544,6
2005-03-14,0.3817205351275672,6
2005-03-15,0.9280835628558431,6
2005-03-18,1.3945265582362096,6
2005-03-22,4.325526606142423,6
2005-03-23,1.258816326947063,6
2005-03-30,1.4832530062719134,6
2005-03-31,1.6926873212972304,6
2005-04-04,1.0046816750608714,6
2005-04-05,1.630149590756048,6
2005-04-06,2.5577836308539297,6
2005-04-07,1.584943546753327,6
2005-04-08,1.280981005185777,6
2005-04-11,0.7947483439552204,6
2005-04-12,1.733035741392437,6
2005-04-13,0.5636442498427162,6
2005-04-14,1.5985131659054903,6
2005-04-15,2.0311083300877746,6
2005-04-18,2.725738415058752,6
2005-04-19,1.659563841445899,6
2005-04-21,1.8757863294214008,6
2005-04-28,0.7492704698710753,6
2005-05-09,1.4304385862588558,6
2005-05-10,0.8552774442097375,6
2005-05-11,0.9987958203329842,6
2005-05-12,0.6293211666134915,6
2005-05-13,3.2243970284228283,6
2005-05-17,1.177581629296809,6
2005-05-25,1.6602546211923714,6
2005-06-09,0.7675709202559159,6
2005-06-10,0.7157631715287449,6
2005-06-15,0.940871643647074,6
2005-06-17,0.7841172643974558,6
2005-06-23,3.005186446508363,6
2005-07-12,1.1785550721249105,6
2005-07-15,5.23390590716622,6
2005-07-18,1.929351019655656,6
2005-07-19,2.7509397990399576,6
2005-07-20,1.360169020705307,6
2005-07-21,1.443039200317462,6
2005-07-22,0.5952021126075997,6
2005-07-25,2.054671594866289,6
2005-07-26,0.9505534567649008,6
2005-07-27,0.8709513377723679,6
2005-07-28,1.9775887585761864,6
2005-08-03,1.7845746983589237,6
2005-08-04,3.00485759015846,6
2005-08-11,0.5900540029643144,6
2005-08-16,1.044938324157206,6
2005-08-17,1.7213335608470088,6
2005-08-19,1.909618011681693,6
2005-08-22,1.225332182592242,6
2005-08-24,1.1149135173545373,6
2005-08-25,0.8714228639353571,6
2005-08-31,2.173376188591128,6
2005-09-02,4.899999584309338,6
2005-09-05,3.277435148102229,6
2005-09-06,2.365770401788005,6
2005-09-07,1.305095950217119,6
2005-09-14,1.6913991011332816,6
2005-09-15,2.3307805305170333,6
2005-09-29,1.1652670861938248,6
2005-10-26,1.2593272809006422,6
2005-01-05,3.1329716588142897,7
2005-01-07,3.0740978699557195,7
2005-01-11,2.7829057758593985,7
2005-01-12,3.353444376962329,7
2005-01-14,4.93575367961352,7
2005-01-17,3.0702274717079034,7
2005-01-18,5.236535694191713,7
2005-01-19,2.6472866520286065,7
2005-01-20,3.020113583403236,7
2005-01-21,2.7213427185219308,7
2005-01-24,1.4905466650862154,7
2005-01-25,3.2508334078941097,7
2005-01-26,2.991431970236224,7
2005-01-27,1.1875673717309931,7
2005-01-28,3.458840347127043,7
2005-01-31,1.6580812476366673,7
2005-02-01,5.796223613236988,7
2005-02-02,1.5269241826503652,7
2005-02-03,2.632858241120305,7
2005-02-04,1.9561708376418785,7
2005-02-16,1.6469990881478176,7
2005-02-18,1.398602468468228,7
2005-02-21,1.4257689371407305,7
2005-02-23,0.8442454694769703,7
2005-02-28,1.2924338579692494,7
2005-03-01,2.3710790706162213,7
2005-03-02,1.0779954616087917,7
2005-03-03,1.87027460088425,7
2005-03-09,1.2580601707511907,7
2005-03-10,0.8538963325466258,7
2005-03-17,1.653490446845726,7
2005-03-22,1.8683462495039351,7
2005-03-23,2.117414810038447,7
2005-03-30,1.5924965958570634,7
2005-03-31,1.93027830527945,7
2005-04-04,1.396327151655435,7
2005-04-07,1.744959778100855,7
2005-04-08,2.8491392559427675,7
2005-04-11,1.3307670953855857,7
2005-04-13,0.9288607729342632,7
2005-04-19,2.617448771537296,7
2005-04-20,6.398898092224355,7
2005-04-21,2.266870233064831,7
2005-04-22,1.9142453493860945,7
2005-04-28,1.8075942836555747,7
2005-05-12,3.798636506708781,7
2005-05-13,2.430513089933717,7
2005-05-16,2.1859579813399552,7
2005-05-17,1.300270007901044,7
2005-05-18,5.098765573871222,7
2005-05-19,2.346365289536295,7
2005-05-20,1.880699699527499,7
2005-05-23,4.346572332662479,7
2005-05-24,0.9597202586548595,7
2005-05-25,3.6139501936892495,7
2005-05-26,2.796339788636338,7
2005-05-30,2.4899373241374056,7
2005-05-31,2.9415712046000544,7
2005-06-01,1.1114977340214585,7
2005-06-02,2.387513514535699,7
2005-06-03,1.5529106333444094,7
2005-06-06,1.7119200800815837,7
2005-06-07,1.4658378524884352,7
2005-06-08,0.7956172701732396,7
2005-06-09,1.4693491841447923,7
2005-06-10,1.142646744243869,7
2005-06-13,0.7013950784524878,7
2005-06-15,1.758942058900623,7
2005-06-16,0.7665246850720282,7
2005-06-17,1.254119472304494,7
2005-06-20,0.8724933589071657,7
2005-06-21,1.2721009596442658,7
2005-06-22,2.61151237285121,7
2005-06-23,3.774079962523038,7
2005-06-24,1.6020423689945251,7
2005-06-27,0.7987562853959257,7
2005-06-28,2.356756288465684,7
2005-06-30,2.214573949069433,7
2005-07-05,1.601641362554598,7
2005-07-06,2.7726293381027927,7
2005-07-08,1.6394608679649771,7
2005-07-11,1.9304266460281647,7
2005-07-12,0.7108930476617684,7
2005-07-13,2.686481335263947,7
2005-07-14,1.8188191574879191,7
2005-07-15,0.9212503461367896,7
2005-07-18,0.6198695865893279,7
2005-07-19,2.3323549695393697,7
2005-07-20,1.5584395546145986,7
2005-07-21,2.870145942991098,7
2005-07-22,0.7861319419180784,7
2005-07-25,2.402400037109488,7
2005-07-26,1.132150915071923,7
2005-07-27,2.0974915371624907,7
2005-07-28,2.6931030246844347,7
2005-07-29,3.633052523122732,7
2005-08-01,2.373189612533836,7
2005-08-03,1.74984320871459,7
2005-08-04,2.5624927780267805,7
2005-08-08,2.293470879602742,7
2005-08-09,1.9437140377437871,7
2005-08-10,3.1329049744001294,7
2005-08-11,0.9721717900198708,7
2005-08-16,0.8833653221567835,7
2005-08-17,1.853296123928704,7
2005-08-18,4.280607994224389,7
2005-08-19,2.353408135930093,7
2005-08-22,3.346051228686542,7
2005-08-23,2.1435903710310864,7
2005-08-24,2.073900360116204,7
2005-08-25,3.3218854269588936,7
2005-08-29,0.9069587231570834,7
2005-08-30,1.1846940370809818,7
2005-08-31,2.029159863774722,7
2005-09-01,1.9222568073232669,7
2005-09-02,1.633977990580259,7
2005-09-05,1.63120644437076,7
2005-09-06,1.8339570346195544,7
2005-09-07,1.308705077542638,7
2005-09-09,1.3468648864652992,7
2005-09-15,2.0531809205631166,7
2005-09-16,2.2290395488609374,7
2005-09-19,1.618497345660058,7
2005-09-20,2.3236483535809738,7
2005-09-21,1.7039611032763236,7
2005-09-22,1.048412651142114,7
2005-09-23,1.4142205044244252,7
2005-09-28,2.955334595935623,7
2005-09-30,2.1492663766480504,7
2005-10-10,1.1974892667990351,7
2005-10-11,1.9542419232266603,7
2005-10-12,1.8771908718050407,7
2005-10-13,1.1136392378340545,7
2005-10-26,0.7745895886606013,7
2005-10-27,2.8454870310982745,7
2005-11-09,2.525104380419802,7
2005-12-01,2.0691809674834456,7
2005-12-05,1.7038703552979295,7
2005-12-19,2.5748001644277485,7
2005-02-22,1.0760362181599208,8
2005-02-23,3.066277956691901,8
2005-02-24,3.6644302325618128,8
2005-02-28,1.151680505867833,8
2005-03-01,5.063687546678815,8
2005-03-02,1.042417047252666,8
2005-03-03,3.0173401143368968,8
2005-03-07,5.5037068239869775,8
2005-03-08,2.740374330848009,8
2005-03-09,2.34753771458183,8
2005-03-10,2.452399597075764,8
2005-03-14,1.6186056338616828,8
2005-03-15,1.907713573616321,8
2005-03-16,1.065992431635293,8
2005-03-17,3.3422658764010325,8
2005-03-18,3.24548274994904,8
2005-03-21,1.4009118739696598,8
2005-03-22,1.4262769720879152,8
2005-03-23,1.4713165507834098,8
2005-03-24,2.513701171594413,8
2005-03-25,2.007289393325659,8
2005-03-28,2.184373143378884,8
2005-03-29,1.2684139254661468,8
2005-03-30,1.071999155963138,8
2005-03-31,0.8414288184537337,8
2005-04-04,1.41013525048698,8
2005-04-05,1.554807422702738,8
2005-04-06,2.238778777424322,8
2005-04-07,1.417542501415215,8
2005-04-08,0.8779428093569013,8
2005-04-11,1.809381074047185,8
2005-04-12,2.117000133276605,8
2005-04-13,0.6453013068114014,8
2005-04-14,1.44566689022102,8
2005-04-15,2.42901658669516,8
2005-04-18,3.627888593888845,8
2005-04-19,1.630912267342269,8
2005-04-20,2.3999272573214894,8
2005-04-21,1.3439691656977235,8
2005-04-22,1.7556051948878424,8
2005-04-25,2.117763015072774,8
2005-04-27,1.9679516070805043,8
2005-04-28,1.2013633173669056,8
2005-04-29,1.040055302925932,8
2005-05-09,2.857839033840845,8
2005-05-10,2.6298107294740465,8
2005-05-11,2.0446207455024528,8
2005-05-12,1.5159531342845756,8
2005-05-13,2.851654064074592,8
2005-05-16,6.045537310163248,8
2005-05-17,2.171759856530294,8
2005-05-18,3.070230764700984,8
2005-05-19,3.11398683792744,8
2005-05-20,1.6357824908669762,8
2005-05-23,2.087423520966212,8
2005-05-24,1.9638242548326696,8
2005-05-25,2.543645112781844,8
2005-05-26,3.516659738424426,8
2005-05-27,4.090610707521597,8
2005-05-30,1.2447256894853809,8
2005-05-31,1.3769380710487418,8
2005-06-01,1.9482274640080115,8
2005-06-02,1.189267599323533,8
2005-06-03,1.4687769510536053,8
2005-06-06,2.177484137184364,8
2005-06-07,2.163765200949288,8
2005-06-08,0.3594296066938975,8
2005-06-09,1.099832966256134,8
2005-06-10,1.182020410590577,8
2005-06-13,0.7333881239947913,8
2005-06-15,1.422997792714663,8
2005-06-16,0.953610753131534,8
2005-06-17,1.2335341908795354,8
2005-06-20,1.0854922480995803,8
2005-06-21,1.331594370163431,8
2005-06-22,2.660967330392872,8
2005-06-23,2.1181542718451825,8
2005-06-27,1.8311412642374152,8
2005-06-29,1.1625720349221458,8
2005-06-30,1.230257513198987,8
2005-07-01,1.6076547517716318,8
2005-07-04,3.699663347113264,8
2005-07-05,1.3722845107011397,8
2005-07-06,2.514851176399773,8
2005-07-07,2.708162361521092,8
2005-07-08,2.646188140029567,8
2005-07-11,1.6002054043139695,8
2005-07-12,0.4940171399519302,8
2005-07-13,3.606713714601376,8
2005-07-14,1.925208670096931,8
2005-07-15,2.169043844464325,8
2005-07-18,1.3692917383187513,8
2005-07-19,2.5667766490265964,8
2005-07-20,2.607315448802982,8
2005-07-22,0.7869252824982718,8
2005-07-25,2.4371100098373937,8
2005-07-26,1.0265988391341998,8
2005-07-28,1.6558077912021376,8
2005-07-29,2.1401086660742754,8
2005-08-01,2.329957795752985,8
2005-08-02,1.2678528391932296,8
2005-08-03,1.8140157029546835,8
2005-08-04,1.928779807740144,8
2005-08-05,1.148290227143032,8
2005-08-08,3.9647308835300974,8
2005-08-09,3.423838779638775,8
2005-08-10,2.7307092161611246,8
2005-08-11,0.792167664581507,8
2005-08-16,0.917713761038068,8
2005-08-17,1.654837973824818,8
2005-08-18,2.8369331204967394,8
2005-08-19,2.76146072075457,8
2005-08-22,2.822766684655037,8
2005-08-23,1.2105892749888671,8
2005-08-24,1.8304551503738171,8
2005-08-25,2.606039534184623,8
2005-08-26,4.295039065741234,8
2005-08-29,0.6759436577467923,8
2005-08-30,1.5346849529944837,8
2005-08-31,2.489140222361311,8
2005-09-01,1.3352204494318916,8
2005-09-02,1.7078307282323162,8
2005-09-05,2.1008539348811466,8
2005-09-06,3.185711128188255,8
2005-09-07,1.5366742403763374,8
2005-09-09,1.3419704041880234,8
2005-09-12,1.4088518221579287,8
2005-09-13,0.812694392724896,8
2005-09-14,1.5626826802012292,8
2005-09-15,2.192444662800754,8
2005-09-16,1.8221919684259529,8
2005-09-19,1.465194645212017,8
2005-09-20,1.0567513890903233,8
2005-09-21,1.5652059703976533,8
2005-09-22,1.9569771455247,8
2005-09-26,2.553559663326595,8
2005-09-27,1.1246397331822142,8
2005-09-28,2.5543056626463034,8
2005-09-29,1.7613823967443514,8
2005-09-30,1.9738036581664304,8
2005-01-05,1.579018808094777,9
2005-01-07,4.452461664458089,9
2005-01-10,1.140442264627483,9
2005-01-13,1.5251753907358427,9
2005-01-21,0.4764968956553413,9
2005-01-25,1.1738812037390152,9
2005-01-28,1.2665291366996212,9
2005-02-16,0.7889091269973336,9
2005-03-21,0.9098826053407578,9
2005-03-23,1.1423341893395125,9
2005-03-24,1.7680432559811772,9
2005-03-30,2.4275685903715694,9
2005-03-31,1.5163591514105752,9
2005-04-05,3.0275515215682542,9
2005-04-08,1.4354273438059415,9
2005-04-14,3.1133448186717856,9
2005-04-20,0.9826519355207084,9
2005-04-22,2.0433963463564098,9
2005-04-25,2.1037989379641675,9
2005-04-28,0.7581544605765644,9
2005-05-10,0.8689620491229662,9
2005-05-12,1.1155740226842314,9
2005-05-18,1.4457324244459058,9
2005-05-20,1.8816272397001297,9
2005-05-23,1.5395600569323702,9
2005-06-08,0.4372859867978233,9
2005-06-09,0.8384318202664387,9
2005-06-10,0.7870416722112097,9
2005-07-05,1.867843552034715,9
2005-07-08,2.7728996123294425,9
2005-07-13,1.119301781898692,9
2005-07-20,3.947359091220696,9
2005-07-22,0.963895610369615,9
2005-08-04,2.1041130794396827,9
2005-08-09,2.7657837116080053,9
2005-08-16,1.5358662888760253,9
2005-08-17,1.820467970285588,9
2005-08-18,3.1467276452166724,9
2005-08-19,2.3359873177420223,9
2005-08-22,2.269144342990674,9
2005-08-26,1.2653871446104292,9
2005-09-05,2.344541580970732,9
2005-09-06,3.4724332219558907,9
2005-09-07,2.0913504651826065,9
2005-09-09,0.93547577661291,9
2005-09-20,1.7693433278117818,9
2005-09-22,2.110790861712428,9
2005-09-23,2.768861761399928,9
2005-10-27,1.593341876591357,9
2005-11-18,0.8185693878686686,9
