Trddt,conBeta,disconBeta,Stkcd
2005-07-12,1.6447574796959026,1.5341396519847808,1
2005-07-13,1.634596696695867,1.519481031318641,1
2005-07-14,1.5975505879201666,1.4970384270916168,1
2005-07-15,1.5857093266047215,1.4965456970981958,1
2005-07-18,1.5561416962341446,1.4872488600214593,1
2005-07-19,1.5432091670964274,1.4908108970814882,1
2005-07-20,1.5400176133734726,1.489860525305568,1
2005-07-21,1.5340180344839622,1.489541612054556,1
2005-07-22,1.5236892347457511,1.486245222959171,1
2005-07-25,1.5369716319652424,1.4844898589311963,1
2005-07-26,1.5175615253390315,1.4770150898298744,1
2005-07-27,1.5052726855741971,1.473063682951669,1
2005-07-28,1.5014290037494271,1.4718715837894345,1
2005-07-29,1.4911268293796491,1.455392603803556,1
2005-08-01,1.4822395919439946,1.4485351794734,1
2005-08-02,1.4558806655797136,1.4426317224752352,1
2005-08-03,1.4556777177233162,1.4383378867492609,1
2005-08-04,1.458806692454977,1.4374354572686268,1
2005-08-05,1.4516826764894115,1.4343272510952034,1
2005-08-08,1.4292592681874263,1.4280951046427766,1
2005-08-09,1.418727581424028,1.42661683132058,1
2005-08-10,1.4068428590829425,1.426550913124465,1
2005-08-11,1.4038469706626864,1.428012388638363,1
2005-08-16,1.4047592417201151,1.4267238524539347,1
2005-08-17,1.413471921136434,1.4247153009711024,1
2005-08-18,1.4183129673293615,1.4219599419642384,1
2005-08-22,1.418285087858174,1.4143525097187184,1
2005-08-23,1.4139542694428835,1.4142618698379743,1
2005-08-24,1.4091271200190854,1.414237890373253,1
2005-08-25,1.4116403525331227,1.4145970659073932,1
2005-08-26,1.4067353686356785,1.4142477052473177,1
2005-08-29,1.403432622605031,1.4131310279814553,1
2005-08-30,1.407181870184539,1.4145572796469874,1
2005-08-31,1.411366739097808,1.410121683913721,1
2005-09-01,1.4051157142619344,1.409413270808768,1
2005-09-02,1.4063048560574145,1.404379531702498,1
2005-09-05,1.4187593318466856,1.40832236051781,1
2005-09-06,1.3653768648703617,1.7036067983072107,1
2005-09-07,1.363396386977033,1.77471363155032,1
2005-09-09,1.346661137657308,1.7319826959605615,1
2005-09-12,1.303361739899534,1.7387882810096718,1
2005-09-13,1.2917571051599517,1.7384508620276398,1
2005-09-14,1.2907606619810688,1.7361667583522706,1
2005-09-15,1.2814825854955267,1.7346673980875256,1
2005-09-16,1.2355466884164694,1.7067710679704489,1
2005-09-19,1.2273490989414564,1.7034901838260434,1
2005-09-20,1.2033737003639344,1.7043854383798973,1
2005-09-21,1.185388453949796,1.6965050933881265,1
2005-09-22,1.18092123902338,1.6952177382084428,1
2005-09-23,1.1670813270740927,1.699826374367313,1
2005-09-26,1.1719498787978089,1.7005057689537015,1
2005-09-27,1.1689504465794904,1.700728206290412,1
2005-10-21,1.1466311060781789,1.700372185056461,1
2005-10-24,1.1610184095812506,1.6925198498335925,1
2005-10-25,1.1783395718908445,1.6941053253860103,1
2005-10-26,1.1775383310536325,1.6966394751944731,1
2005-10-27,1.1629371473431318,1.6978519449959353,1
2005-10-28,1.1419968546772246,1.705310884674073,1
2005-10-31,1.1393039026656422,1.702424476491987,1
2005-11-01,1.1497975661009596,1.712844484131797,1
2005-11-02,1.1380983237642028,1.5754858408368062,1
2005-11-03,1.1453994762364317,1.5833383352271668,1
2005-11-04,1.132421423015978,1.5817071719818343,1
2005-11-07,1.1173018196154871,1.5346749160171616,1
2005-11-09,1.1023006850280352,1.531407428147047,1
2005-11-10,1.0970437520563705,1.4452872548009512,1
2005-11-14,1.0935160258639471,1.44154502122852,1
2005-11-15,1.089662383963356,1.43504507284556,1
2005-11-16,1.0984505070783488,1.4623175843485556,1
2005-11-17,1.0808656873012337,1.4553037268803537,1
2005-11-18,1.083592403845172,1.4424250971255526,1
2005-11-21,1.0860915790940302,1.4433112213754666,1
2005-11-22,1.078555041957456,1.4359477461620211,1
2005-11-23,1.0803299016771823,1.4376546464013271,1
2005-11-24,1.0524699244809337,1.4319343448426871,1
2005-11-25,1.0594811455826725,1.4350392161009138,1
2005-11-28,1.0571119604173007,1.4173701153689593,1
2005-11-29,1.0597855056264107,1.4206353243746344,1
2005-11-30,1.0573967497992698,1.4191271805364554,1
2005-12-01,1.06456365739676,1.4147310652805725,1
2005-12-02,1.0712201343231391,1.4182583817160894,1
2005-12-05,1.0870121216809494,1.3955850380864565,1
2005-12-06,1.0870849294497351,1.3938343203623402,1
2005-12-07,1.0763917038366984,1.391494426871934,1
2005-12-08,1.048032932681622,1.3857950159666703,1
2005-12-09,0.9988177603409308,1.4094539665375614,1
2005-12-12,0.976412296193921,1.4130654484675251,1
2005-12-13,0.9769592714208292,1.4195509508212851,1
2005-12-14,0.9674237839775708,1.4241590596312264,1
2005-12-15,0.9582859455593256,1.4224108784318574,1
2005-12-16,0.9581045213190336,1.4215775087126856,1
2005-12-19,0.9560101662792716,1.4269066065762426,1
2005-12-20,0.9623496055628936,1.4227798123048807,1
2005-12-21,0.9615048933086814,1.428519423556495,1
2005-12-22,0.943228158949243,1.4202313176035362,1
2005-12-23,0.9322260580694652,1.4151658779174774,1
2005-12-26,0.9200740779755252,1.414542985190051,1
2005-12-27,0.9269433487777587,1.416952379349754,1
2005-12-28,0.9133177057708028,1.4304126481798904,1
2005-12-29,0.8844231161246524,1.4222743977503718,1
2005-12-30,0.8702638285557733,1.42074016350935,1
2005-07-11,1.4392023599630472,1.450098612450398,10
2005-07-12,1.4230908890702405,1.531899351425165,10
2005-07-13,1.407726699584268,1.5275534955255357,10
2005-07-14,1.405973022345463,1.5296340522039,10
2005-07-15,1.4074494336279022,1.5335800145004848,10
2005-07-18,1.3917718253468516,1.5361222772853451,10
2005-07-19,1.435882720740156,1.5823605902426945,10
2005-07-20,1.478226820737354,1.5836704897987512,10
2005-07-21,1.4938493444568797,1.5815469675185796,10
2005-07-22,1.5133907501840511,1.5765176802926577,10
2005-07-25,1.4969006626748071,1.5781879024525334,10
2005-07-26,1.4736298656607063,1.5725851572729597,10
2005-07-27,1.4724266389518357,1.571060894334526,10
2005-07-28,1.4807771047704517,1.5721436019373238,10
2005-07-29,1.4820667507058078,1.5598408417463372,10
2005-08-01,1.471820632369516,1.5613883752971962,10
2005-08-02,1.4404978563919442,1.5526001424185656,10
2005-08-03,1.4521009842517922,1.5534379946527417,10
2005-08-04,1.4589037481174565,1.548352397288978,10
2005-08-05,1.458505842873182,1.549455151837431,10
2005-08-08,1.4411006022310873,1.54578064883162,10
2005-08-09,1.4361592822942029,1.5572322733387622,10
2005-08-10,1.4351415062066373,1.5576313574107985,10
2005-08-11,1.4433505331630831,1.555993951092779,10
2005-08-16,1.4514614382206743,1.5608687715785516,10
2005-08-17,1.4573363149731429,1.5695266450006198,10
2005-08-18,1.4732595956604022,1.6404216600869694,10
2005-08-19,1.4644538430075311,1.7244009194857874,10
2005-08-22,1.4736904337630916,1.724851613960733,10
2005-08-23,1.485391196022216,1.7314578027051586,10
2005-08-24,1.4943005976398749,1.733446288466875,10
2005-08-25,1.5147473910188156,1.736943398778482,10
2005-08-26,1.5437382230370842,1.735946950475555,10
2005-08-29,1.5750734950696603,1.7395571120402191,10
2005-08-30,1.6042645782565723,1.7390185601884611,10
2005-08-31,1.6338063887588594,1.7500670474353213,10
2005-09-01,1.6057090965997696,1.777361359557328,10
2005-09-02,1.6868394973221863,2.292218710159921,10
2005-09-05,1.7746645046202747,2.385775910880802,10
2005-09-06,1.7755852153666645,2.448002783298631,10
2005-09-07,1.8115383922399408,2.493871418590531,10
2005-09-09,1.825680748723682,2.4984511422773377,10
2005-09-12,1.8448882185355848,2.5031326751037413,10
2005-09-13,1.872899875477008,2.5108017131031053,10
2005-09-14,1.9316114801630169,2.506301447145627,10
2005-09-15,1.9488179802367915,2.51982170932084,10
2005-09-16,1.958956819209715,2.5247306092596182,10
2005-09-20,1.9605141495049616,2.527934478641841,10
2005-09-21,1.938336025885713,2.525738124653202,10
2005-09-22,1.894011425720932,2.523816444198292,10
2005-09-23,1.8768298544654995,2.5273067932764026,10
2005-09-27,1.869704517312754,2.528109278783094,10
2005-09-28,1.8830185754495377,2.529268530527716,10
2005-09-29,1.900841801729904,2.530622244832378,10
2005-09-30,1.909014812222101,2.530873269228178,10
2005-10-10,1.862892769419818,2.5194656815995,10
2005-10-11,1.868411541411396,2.5173706296628544,10
2005-10-12,1.8765046334395763,2.518593231575492,10
2005-10-13,1.874240211552161,2.5222350920181937,10
2005-10-14,1.842915410186103,2.522933633303939,10
2005-10-18,1.8780046569994455,2.5268082781795105,10
2005-10-19,1.89588312779814,3.494254436291585,10
2005-10-20,1.896459154056244,3.562741845286065,10
2005-10-21,1.8719478059685637,3.589141994404447,10
2005-10-24,1.865063425920761,3.597153502602126,10
2005-10-25,1.8681994084089129,3.5881768884946528,10
2005-10-26,1.7917402383277274,3.473247581138715,10
2005-10-27,1.7321874496122178,3.4734120061052485,10
2005-10-28,1.6731948644331158,3.451199796130408,10
2005-11-01,1.673267193257504,3.602657108293817,10
2005-11-02,1.6896750217834844,3.5782672733498613,10
2005-11-03,1.7268215682384802,3.615049014833306,10
2005-11-04,1.7148967365185923,3.625481156077854,10
2005-11-07,1.6513448102674178,3.5419182637658326,10
2005-11-09,1.6026411589182186,3.534856010755673,10
2005-11-10,1.672291621399579,3.5383959552576307,10
2005-11-14,1.6685980768206643,3.5251667389060666,10
2005-11-16,1.6601062001804483,3.5157111822091545,10
2005-11-17,1.634280002427204,3.519573756299256,10
2005-11-18,1.6376696629611387,3.433497186389362,10
2005-11-21,1.6376795379641025,3.4411137533793106,10
2005-11-22,1.6148350792143842,3.434023177877692,10
2005-11-23,1.5839002461170262,3.4478417381783304,10
2005-11-24,1.5660030070464046,3.4597888014582288,10
2005-11-25,1.5414395834177403,3.468531015691465,10
2005-11-28,1.5051396725574069,3.4390811970225363,10
2005-11-29,1.4321037353523165,3.216773519129433,10
2005-11-30,1.425110581144292,2.876695150326762,10
2005-12-01,1.3835382370573297,2.896906459159397,10
2005-12-02,1.374798539478305,2.898626851685829,10
2005-12-05,1.3774542418060929,2.896474900250253,10
2005-12-06,1.3012443068642614,2.8680366646221285,10
2005-12-07,1.2517617503152934,2.8419281405216474,10
2005-12-08,1.1916219805975472,2.8239481590555515,10
2005-12-13,1.2202693693144009,2.824442224430546,10
2005-12-14,1.2083497524332223,2.830570363523704,10
2005-12-15,1.213552762954253,2.727140815160252,10
2005-12-16,1.1749932056043348,2.7176326686572407,10
2005-12-19,1.161269873305971,2.71688093020224,10
2005-12-20,1.1740942861192152,2.273398584377087,10
2005-12-21,1.080943865356964,2.237650559235853,10
2005-12-22,1.0479610241748258,2.23144567160559,10
2005-12-23,1.0366442029317025,2.230662092073723,10
2005-12-26,1.0347446930851238,2.2119132615932604,10
2005-12-27,0.9554521603714392,2.2051908597283485,10
2005-12-28,0.9744343245104128,2.2045632551467054,10
2005-12-29,0.9787979769515384,2.215878205937234,10
2005-12-30,0.9941497485795642,2.2117843310049565,10
2005-07-11,0.8655794472328928,1.498611204069573,2
2005-07-12,0.8608490437633024,1.372090688993488,2
2005-07-13,0.8526036300254456,1.3712176031312544,2
2005-07-14,0.8507862848006195,1.3703081296143638,2
2005-07-15,0.850042954314666,1.3689936138119707,2
2005-07-18,0.8434256975353508,1.368587491153868,2
2005-07-19,0.8466532025152899,1.3658269897912894,2
2005-07-20,0.8512613506086466,1.3663395087608965,2
2005-07-21,0.8562691397717154,1.3666583068669704,2
2005-07-22,0.8753960681223336,1.3675625158782978,2
2005-07-25,0.869515899918762,1.372504809945657,2
2005-07-26,0.8801407203104329,1.3762312117747186,2
2005-07-27,0.8901549426604594,1.3767944239835626,2
2005-07-28,0.9042815566560344,1.377818979014806,2
2005-07-29,0.9154222694803574,1.3869613152574454,2
2005-08-01,0.9018470623815792,1.3911755550581153,2
2005-08-02,0.9179626606967842,1.393361720216146,2
2005-08-03,0.9300882549094198,1.394489110860073,2
2005-08-04,0.928519974213653,1.3968870074532325,2
2005-08-05,0.9142134885587108,1.3853745057074556,2
2005-08-08,0.9242407481494502,1.3857451054175174,2
2005-08-09,0.9205538343839594,1.3940162564635732,2
2005-08-10,0.930767660521682,1.3960722739541505,2
2005-08-11,0.9174814870665838,1.397673064857884,2
2005-08-16,0.9237780609173588,1.3985242536756852,2
2005-08-17,0.9318434355448628,1.3965149286622485,2
2005-08-18,0.926564017901346,1.4040880791989807,2
2005-08-19,0.9411728741477364,1.4103922553099169,2
2005-08-22,0.95831631914443,1.410908164241414,2
2005-08-23,0.9464887060362768,1.412450161190869,2
2005-08-24,0.9443416380410043,1.4113317794511058,2
2005-08-25,0.9450323271534612,1.4113904517850155,2
2005-08-26,0.9583488284299484,1.4129658698482723,2
2005-08-29,0.9527876564173337,1.412591887755603,2
2005-08-30,0.9649715579607464,1.4074741727646745,2
2005-08-31,0.9778547167302304,1.4084256417671432,2
2005-09-01,0.962933415104728,1.423180447630711,2
2005-09-02,1.0007184287971735,1.1148059897411944,2
2005-09-05,1.0054561333501195,1.1397298089094583,2
2005-09-06,1.0192794787193955,1.140123780192957,2
2005-09-07,1.0308911062706714,1.1643693224746927,2
2005-09-09,1.023116777071973,1.160489502433003,2
2005-09-12,1.0348506817577316,1.1584765521120273,2
2005-09-13,1.055804241506154,1.1620766231122506,2
2005-09-14,1.0612609011269871,1.1633073611879252,2
2005-09-15,1.087376889368919,1.085698022828136,2
2005-09-16,1.0995378168411412,1.085555018473022,2
2005-09-19,1.0950052030651891,1.0861002657906431,2
2005-09-20,1.0916983556530446,1.0870172546885266,2
2005-09-21,1.0993110610794452,1.086146976436844,2
2005-09-22,1.0919656000788405,1.0809627343059869,2
2005-09-23,1.0957211011589547,1.085355590262514,2
2005-09-26,1.091735390273775,1.0848174190915996,2
2005-09-27,1.0910931798549055,1.0839407273349102,2
2005-09-28,1.1010151991479382,1.0850850107493228,2
2005-09-29,1.1021308636105174,1.0866061584983766,2
2005-09-30,1.106457992036802,1.088828936277085,2
2005-10-20,1.101486779800196,1.0865565712789085,2
2005-10-21,1.0998018779013157,1.085789021112266,2
2005-10-24,1.1132713413182591,1.085656727962781,2
2005-10-25,1.106356823415504,1.0764320882825964,2
2005-10-26,1.1109339301898284,1.569236292386884,2
2005-10-27,1.131538018631524,1.5847559273229483,2
2005-10-28,1.1175768657704617,1.5913619223291635,2
2005-10-31,1.1255825372967614,1.585435972971018,2
2005-11-01,1.125598398470911,1.5843235609829067,2
2005-11-02,1.1217598600274656,1.6092603656347808,2
2005-11-03,1.1015218942009186,1.6026816862107789,2
2005-11-04,1.09566740964276,1.6034984019812966,2
2005-12-02,1.046465409826817,1.624019172755361,2
2005-12-05,1.0515152223677728,1.5750376391518066,2
2005-12-06,1.0246465632889692,1.5595273703276935,2
2005-12-07,1.018130873725753,1.5542242786888223,2
2005-12-08,0.9967473489708488,1.549048728522599,2
2005-12-09,0.9927497141945634,1.5472390202709871,2
2005-12-12,0.9821285261654074,1.5515741101010796,2
2005-12-13,0.9652007043519824,1.5463572291207346,2
2005-12-14,0.9602200318296282,1.5341121044808004,2
2005-12-15,0.9663427968638906,1.5047846555504194,2
2005-12-16,0.9683146922874872,1.5066635020131125,2
2005-12-19,0.960601620418055,1.5038982011084252,2
2005-12-20,0.9587327314645614,1.502438251497679,2
2005-12-21,0.9371370415295358,1.501693331481457,2
2005-12-22,0.9381691091435282,1.493058916655746,2
2005-12-23,0.9328413632231936,1.484488131125595,2
2005-12-26,0.912800898141186,1.497284007275557,2
2005-12-27,0.9233074352493764,1.510035457389201,2
2005-12-28,0.8916946935745889,1.4319764214246835,2
2005-12-29,0.8639728560886246,1.4327053340709692,2
2005-12-30,0.8733072454843498,1.4521475420634518,2
2005-07-11,1.514969114701907,1.6028162267425556,4
2005-07-12,1.5224927251962908,1.4653042520393282,4
2005-07-13,1.536459239659853,1.4671463146384176,4
2005-07-14,1.5332166162697216,1.4666665316641934,4
2005-07-15,1.5406641264003451,1.466572412038474,4
2005-07-18,1.5455472869667348,1.4697009962414629,4
2005-07-19,1.54109255939046,1.473175967929726,4
2005-07-20,1.5345086436031623,1.4702640556454825,4
2005-07-21,1.5426125307085747,1.4695288291108803,4
2005-07-22,1.5329147138858228,1.464794581914544,4
2005-07-25,1.5095033478642736,1.461340443058262,4
2005-07-26,1.511323878901375,1.4660498139970064,4
2005-07-27,1.5039983772839378,1.4535310245842454,4
2005-07-28,1.507207464854886,1.453952421391287,4
2005-07-29,1.522787754044837,1.3915212956185277,4
2005-08-01,1.5184920091226588,1.3890287845130491,4
2005-08-02,1.487141391023579,1.3792268035369435,4
2005-08-03,1.4980670005062442,1.3628876565675352,4
2005-08-04,1.4825783918783144,1.35808461997645,4
2005-08-05,1.4894553361700642,1.35287061106054,4
2005-08-08,1.4457374309127788,1.346880216919354,4
2005-08-09,1.4523471760055158,1.3455203056753595,4
2005-08-10,1.4494839949951153,1.3314765399427024,4
2005-08-11,1.4346673760682258,1.331720925124583,4
2005-08-16,1.415453042335171,1.3313262314625194,4
2005-08-17,1.450036310011476,1.3350446750337157,4
2005-08-18,1.4145633240908435,1.3776841696967252,4
2005-08-19,1.425524641342921,1.4323649137898202,4
2005-08-22,1.441162103061549,1.435344276571037,4
2005-08-23,1.4414384555231956,1.4371097192042968,4
2005-08-24,1.4509827330545553,1.440347114146583,4
2005-08-25,1.4669046160972372,1.4434504163127484,4
2005-08-26,1.48212647891193,1.440558621382412,4
2005-08-29,1.488880851984734,1.4419238656672024,4
2005-08-30,1.5028903505491946,1.4239554867198865,4
2005-08-31,1.5331036137243603,1.428790420205589,4
2005-09-01,1.5240841061235515,1.4016600682132283,4
2005-09-02,1.5711475487941224,1.7101731959863888,4
2005-09-05,1.632581368659472,1.7914640080223556,4
2005-09-06,1.5447401580744626,1.7580348552609784,4
2005-09-07,1.5484394497545082,1.8011426994132054,4
2005-09-09,1.5529581111749091,1.8027747537139316,4
2005-09-12,1.5491038756163586,1.803094469627195,4
2005-09-13,1.535677330689366,1.792846492334203,4
2005-09-14,1.507831466959115,1.7946850184311605,4
2005-09-15,1.5192995197817103,1.7883805973894398,4
2005-09-16,1.5212765196901814,1.7751925123023724,4
2005-09-19,1.5364434225227606,1.7772485744188329,4
2005-09-20,1.5274718354919083,1.777890980022463,4
2005-09-21,1.500475124193699,1.7747724305658472,4
2005-09-22,1.4596158779090267,1.766327234968208,4
2005-09-23,1.471195636500024,1.7633838731420115,4
2005-09-26,1.47327807320291,1.7614917264402603,4
2005-09-27,1.467620654030826,1.7610348571179455,4
2005-09-28,1.4719102038758425,1.7303322719381815,4
2005-09-29,1.4771555864270147,1.726901213000027,4
2005-09-30,1.480779998030319,1.7281882982549677,4
2005-10-10,1.4783708181237836,1.727520870828941,4
2005-10-11,1.5102215031021915,1.7314339279998945,4
2005-10-12,1.5124488415352362,1.7308952479906867,4
2005-10-13,1.517838336264075,1.6879198373215731,4
2005-10-14,1.5005715290316246,2.7211459415011188,4
2005-10-19,1.4661723161519018,2.7284135433954364,4
2005-10-20,1.4556152137608085,2.7511637550305235,4
2005-10-21,1.4817272707562386,2.755497910333128,4
2005-10-24,1.4855773142454218,2.7505413175106166,4
2005-10-25,1.5118324738137523,2.770452870770092,4
2005-10-26,1.510077027320671,2.7785501706290474,4
2005-10-27,1.464959235956232,2.768613719866408,4
2005-10-28,1.4915805233648962,2.878357682363573,4
2005-10-31,1.477961201993477,2.8621885646994247,4
2005-11-01,1.513905956850913,2.876681774900104,4
2005-11-02,1.4945332175048651,2.8534648686924826,4
2005-11-03,1.4586103857261286,2.864185684004381,4
2005-11-04,1.4224138359180352,2.8451752407998168,4
2005-11-09,1.4287370353915392,2.8583534682436977,4
2005-11-10,1.4278584071269624,2.8591189973147952,4
2005-11-15,1.395569565236393,2.83210350944198,4
2005-11-16,1.3839264868097216,2.811936251889134,4
2005-11-17,1.3761519669649585,2.8102140196466623,4
2005-11-18,1.3706108135362218,2.706072287516044,4
2005-11-22,1.344554232420864,2.698814598129602,4
2005-11-23,1.3263867688290365,2.7115165377407715,4
2005-11-24,1.3361608722539886,2.7256541026578867,4
2005-11-25,1.3295151621796188,2.748957822980713,4
2005-11-28,1.2037504522000255,2.737570805028969,4
2005-11-30,1.2372887174101426,2.542762462191695,4
2005-12-01,1.160641940308888,2.268354749374353,4
2005-12-02,1.1122878618915315,2.239958822505764,4
2005-12-05,1.0776061314007528,2.2325125961868797,4
2005-12-06,1.0075161329462043,2.191551013198492,4
2005-12-07,0.9634047535779192,2.143271317828677,4
2005-12-08,0.9327405262398742,2.12171149039431,4
2005-12-13,0.9103032722357725,2.110627244984,4
2005-12-14,0.8938490607390718,2.106040887159136,4
2005-12-15,0.8938314954331867,2.056571245278334,4
2005-12-16,0.8995167148848818,2.089675613003533,4
2005-12-19,0.8828759555510386,2.09123427749902,4
2005-12-20,0.8666790518708859,2.088417997783975,4
2005-12-21,0.8471003832656673,2.0738173715408568,4
2005-12-22,0.7681486009868692,1.9627508023755291,4
2005-12-23,0.750600314103085,1.9601040697942864,4
2005-12-26,0.750569886144502,1.959912631001784,4
2005-12-27,0.7416679656808481,1.9574710819293208,4
2005-12-28,0.7168498807631634,1.8896769962408395,4
2005-12-29,0.6923990575484132,1.879475815031292,4
2005-12-30,0.7118602894102924,1.87706165740174,4
2005-07-12,0.6963742285314987,1.0709508657888318,6
2005-07-13,0.6831868873549264,1.0619766580280374,6
2005-07-14,0.7020002502371095,1.0648964175812416,6
2005-07-15,0.7006381753379791,1.0688896696999202,6
2005-07-18,0.7011601038858635,1.0754554153457176,6
2005-07-19,0.7320146396785314,1.0817955716230094,6
2005-07-20,0.7536686845622115,1.0851078846054734,6
2005-07-21,0.7610519453278026,1.0837069707542386,6
2005-07-22,0.7644127870119661,1.084812214789583,6
2005-07-25,0.7653665979336193,1.086619947514203,6
2005-07-26,0.7692354209662393,1.0880400124707,6
2005-07-27,0.7711717623054212,1.0891471372134622,6
2005-07-28,0.774695577376982,1.0904235253441945,6
2005-08-01,0.7768269924287919,1.090120469645475,6
2005-08-02,0.7887405141508532,1.0679995044436934,6
2005-08-03,0.7925789991383598,1.0693235578496896,6
2005-08-04,0.8124432264962292,1.0597586653479256,6
2005-08-05,0.8103091717831573,1.054454293173328,6
2005-08-08,0.811559810913464,1.0534611312008004,6
2005-08-09,0.8142690305626133,1.053100815429988,6
2005-08-10,0.8382403491364049,1.0297883169141593,6
2005-08-11,0.8608468284306877,1.02800681597947,6
2005-08-16,0.8682996350212036,1.03202620589937,6
2005-08-17,0.8830453798001239,1.0414756272237815,6
2005-08-18,0.901099530809625,1.0595296201973257,6
2005-08-19,0.9289584372327166,1.1048986618628849,6
2005-08-22,0.9382611120099432,1.1052093639222622,6
2005-08-23,0.9177921543471548,1.1015822485670062,6
2005-08-24,0.9195644241754446,1.1015341196703865,6
2005-08-25,0.9306788089432484,1.0953365683063043,6
2005-08-26,0.928551098614806,1.095091980588582,6
2005-08-29,0.92638025110623,1.0963991494675076,6
2005-08-30,0.9356396362794052,1.097030147912293,6
2005-08-31,0.9460291108115488,1.0985868478593754,6
2005-09-01,0.945870823232036,1.1099167713653433,6
2005-09-02,0.9884130748676324,1.082808630671767,6
2005-09-05,1.0002870297613415,1.095117194090686,6
2005-09-06,1.1277570111612942,1.3200087026322975,6
2005-09-07,1.1465542991648423,1.3903661321801848,6
2005-09-09,1.1515779995144313,1.4001070736316046,6
2005-09-12,1.1563299163604146,1.4217730951935983,6
2005-09-13,1.173565539073721,1.42324037326507,6
2005-09-14,1.1882805585690577,1.4170738760488044,6
2005-09-15,1.2114099066678488,1.41888297652638,6
2005-09-16,1.2306606421770765,1.42290298285088,6
2005-09-19,1.2780241021233334,1.4227316332531703,6
2005-09-20,1.2964316875975634,1.428143935958337,6
2005-09-21,1.281852989991307,1.429206430569161,6
2005-09-22,1.245118963199112,1.4284731363873422,6
2005-09-26,1.239538179002183,1.4279433902438006,6
2005-09-27,1.2325730973075764,1.4329147305921954,6
2005-09-28,1.227962181932164,1.4334013731533406,6
2005-09-29,1.2382614000672296,1.436292595618277,6
2005-10-10,1.2457114708198838,1.4364230442553816,6
2005-10-11,1.2347671201140684,1.433596203853549,6
2005-10-12,1.2502004680198435,1.4317836764920575,6
2005-10-13,1.2561055483740569,1.431935192949035,6
2005-10-14,1.2802297179312434,1.430833514477297,6
2005-10-17,1.2766081563366376,1.4325800009578689,6
2005-10-18,1.2408238994315073,1.4243214112282272,6
2005-10-19,1.2832300010821496,2.153189693473708,6
2005-10-20,1.3214350107675727,2.168769984127493,6
2005-10-21,1.2909008644606348,2.1761682158782234,6
2005-10-24,1.3007171152516694,2.153922365164252,6
2005-10-25,1.302019931702609,2.1350108707391784,6
2005-10-26,1.2571904371259388,2.140684487684167,6
2005-10-27,1.196910124232946,2.120575681267556,6
2005-10-28,1.172642295650405,2.108405211551286,6
2005-10-31,1.150583121981425,2.1573658529982067,6
2005-11-01,1.1557990419685344,2.1525946254865875,6
2005-11-02,1.138656369622689,2.137756221648364,6
2005-11-03,1.1032557068595938,2.1424923763963517,6
2005-11-04,1.075002686484328,2.1430444282106555,6
2005-11-24,1.0688908787942135,2.1525357020208014,6
2005-11-25,1.0710609691223034,2.1508121471497117,6
2005-11-28,1.0632835172868336,2.140525130187775,6
2005-11-29,1.0473543854964058,2.1326286421172065,6
2005-11-30,1.0491524504209344,2.1409845334507414,6
2005-12-01,1.0522223850030488,2.1512697620942003,6
2005-12-02,1.0580644064733025,2.1613095705304617,6
2005-07-11,1.3986273668169005,1.5695652807366476,7
2005-07-12,1.4239079542489597,1.5148773100695756,7
2005-07-13,1.431464993944187,1.5140041215351334,7
2005-07-14,1.4348689867999107,1.5119390722465504,7
2005-07-15,1.447756699145467,1.516521174341655,7
2005-07-18,1.444753377995668,1.5168354549534493,7
2005-07-19,1.4837594587679768,1.518880578428375,7
2005-07-20,1.503749790719982,1.5194655122765357,7
2005-07-21,1.5213071542261725,1.5177495629668376,7
2005-07-22,1.5192180491319576,1.508625877375103,7
2005-07-25,1.550658718317408,1.5087586756921014,7
2005-07-26,1.538339710551965,1.5102888715579537,7
2005-07-27,1.5694456334011615,1.5105490540006268,7
2005-07-28,1.6009112194620487,1.5111182263300658,7
2005-07-29,1.5849205233120376,1.497450803475053,7
2005-08-01,1.5989203748649683,1.4964350291977833,7
2005-08-02,1.6241910753650113,1.511531835384611,7
2005-08-03,1.651952982281904,1.5130097590166238,7
2005-08-04,1.6746194138161925,1.511876899935205,7
2005-08-05,1.586047920034324,1.496026790911902,7
2005-08-08,1.608650333824576,1.4854647180015088,7
2005-08-09,1.609295848705608,1.4788916035429074,7
2005-08-10,1.5958635619107366,1.4897069753910313,7
2005-08-11,1.6050101564735275,1.474067103039982,7
2005-08-16,1.599550279959935,1.471904908593786,7
2005-08-17,1.5604023339255286,1.4741548110977034,7
2005-08-18,1.678060807509837,1.5198179953474154,7
2005-08-19,1.72276526873705,1.5380161297139077,7
2005-08-22,1.7965004706962675,1.5285235673751951,7
2005-08-23,1.790832636629756,1.5314467796812734,7
2005-08-24,1.782662884734432,1.5303742031571297,7
2005-08-25,1.7837597778787329,1.536116032620134,7
2005-08-26,1.757214182675707,1.533075147346766,7
2005-08-29,1.7788410270896493,1.5325303071773857,7
2005-08-30,1.77798628734584,1.5337490745467046,7
2005-08-31,1.8209348899475672,1.533854544317369,7
2005-09-01,1.8069953208035303,1.538897385196362,7
2005-09-02,1.834980779177928,1.974542201844404,7
2005-09-05,1.8999862997567325,1.9218323356235865,7
2005-09-06,1.9091247148050212,1.9244429786598356,7
2005-09-07,1.9138236052077773,1.9499815793189108,7
2005-09-09,1.930500781707928,1.953309923610208,7
2005-09-12,1.9354038852344533,1.9508340481672504,7
2005-09-13,1.921684772124757,1.9498228234485409,7
2005-09-14,1.92238096159608,1.9502604807296384,7
2005-09-15,1.945360327145028,1.9505033116152264,7
2005-09-16,1.9654953883346804,1.9517946875312449,7
2005-09-19,1.959386510023622,1.9517058602369384,7
2005-09-20,1.9384281373715777,1.951478852658419,7
2005-09-21,1.934195590434776,1.9482147144678896,7
2005-09-22,1.9312772130509297,1.9592250983958504,7
2005-09-23,1.9230797855564945,1.953394589938572,7
2005-09-26,1.929722305280408,1.9533473803231045,7
2005-09-27,1.9484529369719423,1.956438043376981,7
2005-09-28,1.9610572621912477,1.952117290600878,7
2005-09-29,1.989007979442496,1.9323982053150437,7
2005-09-30,2.010473323183475,1.9363529793757608,7
2005-10-10,2.009101377994348,1.9343133916537825,7
2005-10-11,2.0240911520751146,1.929362981992809,7
2005-10-12,2.036670376570684,1.928781698520468,7
2005-10-13,2.045535155693119,1.9284838972257616,7
2005-10-14,2.0307713700216588,2.664123496367657,7
2005-10-17,2.0450025141396493,2.6541149204624137,7
2005-10-18,2.0379566171604435,2.6752628022538345,7
2005-10-19,2.0148457730250646,2.6775489199221463,7
2005-10-20,1.9995106786707784,2.679269431469704,7
2005-10-21,1.9134958134755853,2.7250142204042174,7
2005-10-24,1.882299212605018,2.7318166958051404,7
2005-10-25,1.8439741859070475,2.725635683818513,7
2005-10-26,1.8691624205004256,2.8242259778164613,7
2005-10-27,1.8003782633712997,2.83423887045844,7
2005-10-31,1.788754414179267,2.8279660249452143,7
2005-11-01,1.769595036303342,2.8180460531319493,7
2005-11-02,1.759208982245687,2.7927444597343807,7
2005-11-03,1.716913765865385,2.784311900594726,7
2005-11-04,1.6926276930605164,2.793018971357661,7
2005-11-07,1.6948438977375386,2.771581300221028,7
2005-11-09,1.7012297547922366,2.773144412658156,7
2005-11-10,1.6802720559784796,2.7742039171331734,7
2005-11-14,1.660932355222489,2.7772387797251183,7
2005-11-15,1.6675633425033394,2.770745400804488,7
2005-11-16,1.6517818402877529,2.765049577252296,7
2005-11-17,1.6690153006132304,2.770374657850231,7
2005-11-18,1.6498735027736928,2.709282521308564,7
2005-11-21,1.6357950753678807,2.716820682954981,7
2005-11-22,1.6817451559006018,2.725796400022153,7
2005-11-23,1.4088769776315984,2.488785103782573,7
2005-11-24,1.301262836585785,2.3855881762929365,7
2005-11-25,1.2146007962587204,2.329395678770757,7
2005-11-28,1.172494851821828,2.305324801137333,7
2005-11-29,1.1674545617444587,2.278129710870979,7
2005-11-30,1.1220867169748527,2.192090318790469,7
2005-12-01,1.124127565298315,2.191662831064358,7
2005-12-02,1.0720769343987802,2.156611840268542,7
2005-12-05,1.0740841202792162,2.162914075744184,7
2005-12-06,1.0478225651015458,2.148476238475864,7
2005-12-07,1.0507198182033453,2.118052816814089,7
2005-12-08,1.0274692951680862,2.110556147431714,7
2005-12-09,1.0472276500002933,2.112627930682513,7
2005-12-13,1.0009434232629697,2.0034719894737574,7
2005-12-14,0.9657915671742004,1.9794161355403947,7
2005-12-15,0.9288862748980472,1.9780246249116007,7
2005-12-16,0.9240636064424632,1.9872335271500945,7
2005-12-19,0.9396180142110804,1.991737464454236,7
2005-12-20,0.9334496869558278,2.010617984688931,7
2005-12-21,0.9247705917962714,2.0123022385108635,7
2005-12-22,0.9221841754823512,2.0121833126429887,7
2005-12-23,0.9296295503692618,2.01228167117074,7
2005-12-26,0.933778004780562,1.9946386720050409,7
2005-12-27,0.9101182118436224,2.02281179921194,7
2005-12-28,0.8712153831485574,2.002934767960071,7
2005-12-29,0.8484186360977003,2.0776535919766923,7
2005-12-30,0.818824564305323,2.088999942989798,7
2005-07-11,1.7952227776298355,1.5776434006540263,8
2005-07-12,1.8189042920365148,1.5003129920524616,8
2005-07-13,1.8552176575225687,1.4991645057344891,8
2005-07-14,1.8444942546673664,1.5007198260170618,8
2005-07-15,1.8685371795570245,1.5053385133727948,8
2005-07-18,1.872025295166715,1.5059527176753216,8
2005-07-19,1.898315375492556,1.516393736988746,8
2005-07-20,1.907464574786509,1.5126937852621354,8
2005-07-21,1.895083343444791,1.5111082365461956,8
2005-07-22,1.8960969475865024,1.5138481266470474,8
2005-07-25,1.8943023877577776,1.513520359833442,8
2005-07-26,1.897019256624746,1.5140622480185684,8
2005-07-27,1.8926484783281767,1.5080598503138958,8
2005-07-28,1.908470394169444,1.509284921520197,8
2005-07-29,1.8194954501216296,1.4565577397142766,8
2005-08-01,1.820267207583926,1.4539891899273651,8
2005-08-02,1.8165744754512985,1.4605797004897607,8
2005-08-03,1.745987566875894,1.449966071896946,8
2005-08-04,1.7402791143361704,1.4476315566528677,8
2005-08-05,1.7428069625169884,1.443200717817965,8
2005-08-08,1.7193846317687818,1.4273550398550436,8
2005-08-09,1.6903547022121426,1.4107879628079858,8
2005-08-10,1.6922616571390627,1.4051209248090866,8
2005-08-11,1.6657674303119017,1.4021362620537547,8
2005-08-16,1.6602494093225528,1.3983054848510257,8
2005-08-17,1.6639457627970962,1.4005231450576432,8
2005-08-18,1.6397227570775292,1.443599618795715,8
2005-08-19,1.6618851638689929,1.5625935620457556,8
2005-08-22,1.6517020894755887,1.566417488458448,8
2005-08-23,1.645033919659671,1.563933338418283,8
2005-08-24,1.648840487016335,1.558142311241252,8
2005-08-25,1.642547566470282,1.55902407488897,8
2005-08-26,1.6631815969919204,1.5615814284012275,8
2005-08-29,1.668219489972132,1.5608987970209058,8
2005-08-30,1.6798909454621207,1.5604280169617943,8
2005-08-31,1.6653816778581096,1.558376518816316,8
2005-09-01,1.6872497021668162,1.545052988809538,8
2005-09-02,1.71072871185334,1.509804048073353,8
2005-09-05,1.7800463853451105,1.976945710227929,8
2005-09-06,1.8192899840790917,1.9761807655886745,8
2005-09-07,1.8259334449514293,1.9738906774943312,8
2005-09-09,1.812740552470666,2.008373587029164,8
2005-09-12,1.8481989364945248,2.0092089524904835,8
2005-09-13,1.8648092394095324,2.013573649191048,8
2005-09-14,1.848245542815291,2.0097280677485765,8
2005-09-15,1.872051318073876,2.0124060468634672,8
2005-09-16,1.809207108483567,1.981821610753208,8
2005-09-19,1.8094452570504849,1.9855366957331448,8
2005-09-20,1.788290704872483,1.984284992177068,8
2005-09-21,1.763027102947817,1.982048255357707,8
2005-09-22,1.7521063819879432,1.9882903608944424,8
2005-09-26,1.7614483728737549,1.99261868064854,8
2005-09-27,1.7749590811877782,1.9947606928130068,8
2005-09-28,1.7744874367211836,1.9953209056120744,8
2005-09-29,1.773927372417796,1.99203091439619,8
2005-09-30,1.7453525172650526,1.9868921490021187,8
2005-10-10,1.7121159974423574,1.987907555776247,8
2005-10-11,1.709053853638327,1.9789042556110703,8
2005-10-12,1.705405980658606,1.974397819209464,8
2005-10-13,1.6961675565379666,1.9574317998760176,8
2005-10-27,1.6798693832683735,1.9688935198079809,8
2005-10-28,1.6102916735947743,2.9749652247034244,8
2005-11-01,1.5738467353957948,3.0187948224728056,8
2005-11-02,1.57524926761602,3.0215282352210777,8
2005-11-03,1.5391676370153224,3.0206010758656743,8
2005-11-04,1.5591191709856476,3.0194616539122725,8
2005-11-07,1.509489230947481,3.0150215889421417,8
2005-11-09,1.4757904219893785,3.0222846385527227,8
2005-11-10,1.474797894927039,3.026035099917873,8
2005-12-13,1.4878710330463991,3.1094162892632387,8
2005-12-14,1.490812582238698,3.1118952007152663,8
2005-12-15,1.4658275617190542,3.130508515460825,8
2005-12-16,1.4702772547501088,3.1435602481674554,8
2005-12-19,1.4327369333006983,3.156222746872385,8
2005-12-20,1.418711697240897,3.158853510330612,8
2005-12-21,1.412652571905934,3.169043318007539,8
2005-12-22,1.4070960054441566,3.173374707071225,8
2005-12-23,1.3932981397312567,3.1735177081037453,8
2005-12-26,1.3770031788845467,3.174867774327092,8
2005-12-27,1.3618172789516745,3.1850417569741563,8
2005-12-28,1.3485323339613753,3.180556936544215,8
2005-12-29,1.3572564088100498,3.1827846362239347,8
2005-12-30,1.3239014443149169,3.198795614311293,8
2005-07-11,1.0835911601454489,1.2415408185356531,9
2005-07-12,1.050358858579658,1.1305255533761502,9
2005-07-13,1.0655688595854207,1.126364011336482,9
2005-07-14,1.0642023455696763,1.1268035345553502,9
2005-07-15,1.0575632138955644,1.128819446177966,9
2005-07-18,1.0445585469345555,1.1317725289772034,9
2005-07-19,1.080394136968002,1.161281984222612,9
2005-07-20,1.1068096824977525,1.172628262903077,9
2005-07-21,1.1094442592883795,1.172785682625765,9
2005-07-22,1.1310306924355875,1.1757044929748075,9
2005-07-25,1.1445954241432106,1.1764035941859492,9
2005-07-26,1.140704658832301,1.1751444960305093,9
2005-07-27,1.1505488677497684,1.176650836786853,9
2005-07-28,1.1630659121818552,1.1759988229521925,9
2005-07-29,1.1730033033970182,1.1582298769080062,9
2005-08-01,1.1833964318293424,1.1548501251157162,9
2005-08-02,1.199274540160221,1.155704263973994,9
2005-08-03,1.180967932491411,1.1526477823477497,9
2005-08-04,1.1892002382633984,1.1516323761921572,9
2005-08-05,1.18190587462513,1.1503741707558233,9
2005-08-08,1.186513709667893,1.132396478430741,9
2005-08-09,1.2001849865699794,1.135501586797706,9
2005-08-10,1.1922646797342809,1.1391315820967407,9
2005-08-11,1.1852895219206387,1.1408013126793106,9
2005-08-16,1.198471950832196,1.1464489265467406,9
2005-08-17,1.1793950935091415,1.1531519472586702,9
2005-08-18,1.2213577259270827,1.1897555551581909,9
2005-08-19,1.2977854320552062,1.248805265894951,9
2005-08-22,1.2951550450537703,1.249420569279953,9
2005-08-23,1.3034044670966258,1.253550899097497,9
2005-08-24,1.3116338819142208,1.2526188490087296,9
2005-08-25,1.3215331149614842,1.254788186007355,9
2005-08-26,1.3318373248070676,1.2539522803465202,9
2005-08-29,1.3435476787596043,1.2560018977327576,9
2005-08-30,1.3484765189737575,1.2570165748826814,9
2005-08-31,1.372602150635771,1.2509831043505804,9
2005-09-01,1.3972868534620508,1.251920430642446,9
2005-09-02,1.4001446866037806,1.2847634029693136,9
2005-09-05,1.4982522287408238,1.5654050374555333,9
2005-09-06,1.5842102925716284,1.6356462287266835,9
2005-09-07,1.632049713733977,1.6595508202370568,9
2005-09-09,1.6114339096511834,1.6797882526861534,9
2005-09-12,1.6394093483080034,1.685133571864664,9
2005-09-13,1.665785515532985,1.6905097453660831,9
2005-09-14,1.6846830251498972,1.6955387210390154,9
2005-09-15,1.701754763184553,1.6982948585660558,9
2005-09-16,1.7669085557936663,1.7108736297653555,9
2005-09-19,1.7978839880360211,1.7150262370937417,9
2005-09-20,1.8012833834583777,1.7171701982095198,9
2005-09-21,1.7936746299874329,1.7231746312582008,9
2005-09-22,1.868708316020522,1.7426712456683868,9
2005-09-23,1.8660489375136784,1.7587135666239404,9
2005-09-26,1.857187581434879,1.759840403704948,9
2005-09-27,1.8592861179163336,1.7612552006940636,9
2005-09-28,1.8548382811006847,1.7548200808069234,9
2005-09-29,1.8836170479308096,1.7099894372973503,9
2005-10-10,1.8710967432405856,1.700956744563196,9
2005-10-11,1.8903456187836745,1.703955868739211,9
2005-10-12,1.8808086810919376,1.7060410254203664,9
2005-10-13,1.8850188347461128,1.689058736527714,9
2005-10-14,1.9222484004892797,1.6711989445311328,9
2005-10-17,1.990039130572919,2.754326509869105,9
2005-10-19,1.990216393865461,2.804086580573624,9
2005-10-20,2.001889457997044,2.836816108102258,9
2005-10-21,2.0065601639310158,2.8480281144538138,9
2005-10-25,2.0036184808173854,2.8260902321638377,9
2005-10-26,1.921029250417161,2.7832716134434725,9
2005-10-27,1.881273429561121,2.738864723915496,9
2005-10-28,1.8428855321040043,2.73072140444956,9
2005-10-31,1.807442543077447,2.7985293613783178,9
2005-11-01,1.783727789901315,2.8012271630293,9
2005-11-02,1.7868616755076523,2.8202113360105137,9
2005-11-03,1.7560084633702786,2.8310160285289867,9
2005-11-04,1.7480003694480968,2.8480206625045743,9
2005-11-07,1.70989511660144,2.7668246608008547,9
2005-11-09,1.6928678102667607,2.7730590424084816,9
2005-11-10,1.7153821481994074,2.7764779583168324,9
2005-11-14,1.7367315795902163,2.759778109050113,9
2005-11-15,1.710725400510243,2.748476761381093,9
2005-11-16,1.753574172720252,2.74567982860091,9
2005-11-17,1.7658769601228497,2.7486611417229225,9
2005-11-18,1.780962752058199,2.680404435131526,9
2005-11-21,1.7740685088149315,2.688788157294117,9
2005-11-22,1.773262775781944,2.70684321742012,9
2005-11-23,1.7616681934042768,2.712559921980239,9
2005-11-24,1.804774211207716,2.7125682477609097,9
2005-11-25,1.72420202614952,2.6536247983679297,9
2005-11-28,1.5803123931127043,2.695476850141475,9
2005-11-29,1.5580810123600408,2.708101235501256,9
2005-11-30,1.5431185417728983,2.71093924059122,9
2005-12-01,1.5403987951448412,2.7209854166402088,9
2005-12-02,1.5042082444008205,2.7280443157977103,9
2005-12-07,1.480766211697688,2.7320715541490133,9
2005-12-08,1.4461696044976375,2.7304348078925824,9
2005-12-09,1.4628293273674753,2.7346066130893614,9
